{
  "swagger" : "2.0",
  "info" : {
    "version" : "1.0",
    "title" : "Customer Service",
    "description" : "Customer Service"
  },
  "host" : "localhost:8080",
  "basePath" : "/",
  "schemes" : [ "http" ],
  "paths" : {
    "/customers/{customerid}" : {
      "get" : {
        "summary" : "",
        "description" : "",
        "operationId" : "get-customers",
        "consumes" : [ "application/json" ],
        "produces" : [ "application/json" ],
        "parameters" : [ {
          "name" : "customerid",
          "in" : "path",
          "description" : "",
          "type" : "string",
          "required" : true
        } ],
        "responses" : {
          "200" : {
            "description" : "a Customer to be returned",
            "schema" : {
              "$ref" : "#/definitions/Customer"
            }
          }
        }
      }
    },
    "/customers1" : {
      "get" : {
        "summary" : "",
        "description" : "",
        "operationId" : "get-customers1",
        "consumes" : [ "application/json" ],
        "produces" : [ "application/json" ],
        "parameters" : [ ],
        "responses" : {
          "200" : {
            "description" : "a Customers to be returned",
            "schema" : {
              "$ref" : "#/definitions/Customers"
            }
          }
        }
      }
    },
    "/customers" : {
      "post" : {
        "summary" : "",
        "description" : "",
        "operationId" : "post-customers",
        "consumes" : [ "application/json" ],
        "produces" : [ "application/json" ],
        "parameters" : [ {
          "name" : "body",
          "in" : "body",
          "description" : "",
          "schema" : {
            "$ref" : "#/definitions/Add_Customer"
          },
          "required" : true
        } ],
        "responses" : {
          "201" : {
            "description" : "Created",
            "schema" : {
              "type" : "string"
            }
          },
          "200" : {
            "description" : "OK"
          }
        }
      }
    }
  },
  "definitions" : {
    "Customers" : {
      "type" : "object",
      "properties" : {
        "Customer" : {
          "type" : "array",
          "items" : {
            "$ref" : "#/definitions/Customer",
            "uniqueItems" : false
          }
        }
      }
    },
    "Customer" : {
      "type" : "object",
      "required" : [ "firstname", "birthdate", "address", "tier", "gender", "customerid", "phonenumber", "email", "lastname" ],
      "properties" : {
        "customerid" : {
          "type" : "integer"
        },
        "firstname" : {
          "type" : "string"
        },
        "lastname" : {
          "type" : "string"
        },
        "tier" : {
          "type" : "integer"
        },
        "phonenumber" : {
          "type" : "integer"
        },
        "birthdate" : {
          "type" : "string",
          "format" : "date"
        },
        "gender" : {
          "type" : "string"
        },
        "address" : {
          "type" : "string"
        },
        "email" : {
          "type" : "string"
        }
      }
    },
    "Add_Customer" : {
      "type" : "object",
      "required" : [ "firstname", "birthdate", "address", "tier", "gender", "phonenumber", "email", "lastname" ],
      "properties" : {
        "firstname" : {
          "type" : "string"
        },
        "lastname" : {
          "type" : "string"
        },
        "tier" : {
          "type" : "integer"
        },
        "phonenumber" : {
          "type" : "integer"
        },
        "birthdate" : {
          "type" : "string",
          "format" : "date"
        },
        "gender" : {
          "type" : "string"
        },
        "address" : {
          "type" : "string"
        },
        "email" : {
          "type" : "string"
        }
      }
    }
  }
}