{
  "swagger" : "2.0",
  "info" : {
    "version" : "1.0",
    "title" : "order service",
    "description" : "order service"
  },
  "host" : "localhost:8085",
  "basePath" : "/",
  "schemes" : [ "http" ],
  "paths" : {
    "/order" : {
      "post" : {
        "summary" : "",
        "description" : "",
        "operationId" : "post-order",
        "consumes" : [ "application/json" ],
        "produces" : [ "application/json" ],
        "parameters" : [ {
          "name" : "body",
          "in" : "body",
          "description" : "",
          "schema" : {
            "$ref" : "#/definitions/Add_Order"
          },
          "required" : true
        } ],
        "responses" : {
          "201" : {
            "description" : "Created",
            "schema" : {
              "type" : "string"
            }
          },
          "200" : {
            "description" : "OK"
          }
        }
      }
    }
  },
  "definitions" : {
    "add_order_items" : {
      "type" : "object",
      "required" : [ "clothesid" ],
      "properties" : {
        "clothesid" : {
          "type" : "string"
        }
      }
    },
    "Add_Order" : {
      "type" : "object",
      "required" : [ "add_order_items", "customerid" ],
      "properties" : {
        "customerid" : {
          "type" : "integer"
        },
        "add_order_items" : {
          "type" : "array",
          "items" : {
            "$ref" : "#/definitions/add_order_items",
            "uniqueItems" : false
          }
        }
      }
    }
  }
}