{
  "swagger" : "2.0",
  "info" : {
    "version" : "1.0",
    "title" : "Summary about the new REST service.",
    "description" : "Summary about the new REST service."
  },
  "host" : "localhost:8080",
  "basePath" : "/",
  "schemes" : [ "http" ],
  "paths" : {
    "/background/{locationid}" : {
      "get" : {
        "summary" : "",
        "description" : "",
        "operationId" : "get-background",
        "consumes" : [ "application/json" ],
        "produces" : [ "application/json" ],
        "parameters" : [ {
          "name" : "locationid",
          "in" : "path",
          "description" : "",
          "type" : "string",
          "required" : true
        } ],
        "responses" : {
          "200" : {
            "description" : "a Background to be returned",
            "schema" : {
              "$ref" : "#/definitions/Background"
            }
          }
        }
      }
    }
  },
  "definitions" : {
    "Background" : {
      "type" : "object",
      "required" : [ "image", "locationid", "location" ],
      "properties" : {
        "locationid" : {
          "type" : "integer"
        },
        "location" : {
          "type" : "string"
        },
        "image" : {
          "type" : "string"
        }
      }
    }
  }
}