{
  "swagger" : "2.0",
  "info" : {
    "version" : "1.0",
    "title" : "get all clothes",
    "description" : "get all clothes"
  },
  "host" : "localhost:8080",
  "basePath" : "/",
  "schemes" : [ "http" ],
  "paths" : {
    "/getAll" : {
      "get" : {
        "summary" : "",
        "description" : "",
        "operationId" : "get-getAll",
        "consumes" : [ "application/json" ],
        "produces" : [ "application/json" ],
        "parameters" : [ ],
        "responses" : {
          "200" : {
            "description" : "a ClothesClass to be returned",
            "schema" : {
              "$ref" : "#/definitions/ClothesClass"
            }
          }
        }
      }
    }
  },
  "definitions" : {
    "ClothesClass" : {
      "type" : "object",
      "required" : [ "Function", "Image_link", "Type", "Mood", "ClassID", "Gender", "Count" ],
      "properties" : {
        "ClassID" : {
          "type" : "integer"
        },
        "Gender" : {
          "type" : "string"
        },
        "Type" : {
          "type" : "string"
        },
        "Function" : {
          "type" : "string"
        },
        "Image_link" : {
          "type" : "string"
        },
        "Mood" : {
          "type" : "string"
        },
        "Count" : {
          "type" : "integer"
        }
      }
    }
  }
}