{
  "swagger" : "2.0",
  "info" : {
    "version" : "1.0",
    "title" : "get all clothes class",
    "description" : "get all clothes class"
  },
  "host" : "localhost:8080",
  "basePath" : "/",
  "schemes" : [ "http" ],
  "paths" : {
    "/getall" : {
      "get" : {
        "summary" : "",
        "description" : "",
        "operationId" : "get-getall",
        "consumes" : [ "application/json" ],
        "produces" : [ "application/json" ],
        "parameters" : [ ],
        "responses" : {
          "200" : {
            "description" : "a ClothesClasses to be returned",
            "schema" : {
              "$ref" : "#/definitions/ClothesClasses"
            }
          }
        }
      }
    },
    "/getClothesByGender/{gender}" : {
      "get" : {
        "summary" : "",
        "description" : "",
        "operationId" : "get-getClothesByGender",
        "consumes" : [ "application/json" ],
        "produces" : [ "application/json" ],
        "parameters" : [ {
          "name" : "gender",
          "in" : "path",
          "description" : "",
          "type" : "string",
          "required" : true
        } ],
        "responses" : {
          "200" : {
            "description" : "a ClothesClasses to be returned",
            "schema" : {
              "$ref" : "#/definitions/ClothesClasses"
            }
          }
        }
      }
    },
    "/getClothesByMood/{Mood}" : {
      "get" : {
        "summary" : "",
        "description" : "",
        "operationId" : "get-getClothesByMood",
        "consumes" : [ "application/json" ],
        "produces" : [ "application/json" ],
        "parameters" : [ {
          "name" : "Mood",
          "in" : "path",
          "description" : "",
          "type" : "string",
          "required" : true
        } ],
        "responses" : {
          "200" : {
            "description" : "a ClothesClasses to be returned",
            "schema" : {
              "$ref" : "#/definitions/ClothesClasses"
            }
          }
        }
      }
    },
    "/getSpecificClothes/{ClassID}" : {
      "get" : {
        "summary" : "",
        "description" : "",
        "operationId" : "get-getSpecificClothes",
        "consumes" : [ "application/json" ],
        "produces" : [ "application/json" ],
        "parameters" : [ {
          "name" : "ClassID",
          "in" : "path",
          "description" : "",
          "type" : "string",
          "required" : true
        } ],
        "responses" : {
          "200" : {
            "description" : "a Clotheses to be returned",
            "schema" : {
              "$ref" : "#/definitions/Clotheses"
            }
          }
        }
      }
    }
  },
  "definitions" : {
    "Clotheses" : {
      "type" : "object",
      "properties" : {
        "Clothes" : {
          "type" : "array",
          "items" : {
            "$ref" : "#/definitions/Clothes",
            "uniqueItems" : false
          }
        }
      }
    },
    "ClothesClass" : {
      "type" : "object",
      "required" : [ "Function", "Image_link", "Type", "Mood", "ClassID", "Gender", "Count" ],
      "properties" : {
        "ClassID" : {
          "type" : "integer"
        },
        "Gender" : {
          "type" : "string"
        },
        "Type" : {
          "type" : "string"
        },
        "Function" : {
          "type" : "string"
        },
        "Image_link" : {
          "type" : "string"
        },
        "Mood" : {
          "type" : "string"
        },
        "Count" : {
          "type" : "integer"
        }
      }
    },
    "Clothes" : {
      "type" : "object",
      "required" : [ "Status", "ClothesID", "Size", "ClassID" ],
      "properties" : {
        "ClothesID" : {
          "type" : "integer"
        },
        "ClassID" : {
          "type" : "integer"
        },
        "Status" : {
          "type" : "string"
        },
        "Size" : {
          "type" : "string"
        }
      }
    },
    "ClothesClasses" : {
      "type" : "object",
      "properties" : {
        "ClothesClass" : {
          "type" : "array",
          "items" : {
            "$ref" : "#/definitions/ClothesClass",
            "uniqueItems" : false
          }
        }
      }
    }
  }
}