{
  "swagger" : "2.0",
  "info" : {
    "version" : "1.0",
    "title" : "Summary about the new REST service.",
    "description" : "Summary about the new REST service."
  },
  "host" : "localhost:8083",
  "basePath" : "/",
  "schemes" : [ "http" ],
  "paths" : {
    "/deliveryman/getall" : {
      "get" : {
        "summary" : "",
        "description" : "",
        "operationId" : "get-deliveryman-getall",
        "consumes" : [ "application/json" ],
        "produces" : [ "application/json" ],
        "parameters" : [ ],
        "responses" : {
          "200" : {
            "description" : "a deliverymans to be returned",
            "schema" : {
              "$ref" : "#/definitions/deliverymans"
            }
          }
        }
      }
    },
    "/deliveryman/getbyloc/{location}" : {
      "get" : {
        "summary" : "",
        "description" : "",
        "operationId" : "get-deliveryman-getbyloc",
        "consumes" : [ "application/json" ],
        "produces" : [ "application/json" ],
        "parameters" : [ {
          "name" : "location",
          "in" : "path",
          "description" : "",
          "type" : "string",
          "required" : true
        } ],
        "responses" : {
          "200" : {
            "description" : "a deliverymans to be returned",
            "schema" : {
              "$ref" : "#/definitions/deliverymans"
            }
          }
        }
      }
    }
  },
  "definitions" : {
    "deliveryman" : {
      "type" : "object",
      "required" : [ "deliverymanid", "image_link", "name", "phonenumber", "location" ],
      "properties" : {
        "deliverymanid" : {
          "type" : "integer"
        },
        "name" : {
          "type" : "string"
        },
        "location" : {
          "type" : "string"
        },
        "phonenumber" : {
          "type" : "integer"
        },
        "image_link" : {
          "type" : "string"
        }
      }
    },
    "deliverymans" : {
      "type" : "object",
      "properties" : {
        "deliveryman" : {
          "type" : "array",
          "items" : {
            "$ref" : "#/definitions/deliveryman",
            "uniqueItems" : false
          }
        }
      }
    }
  }
}