{
  "swagger" : "2.0",
  "info" : {
    "version" : "1.0",
    "title" : "Summary about the new REST service.",
    "description" : "Summary about the new REST service."
  },
  "host" : "localhost:8080",
  "basePath" : "/",
  "schemes" : [ "http" ],
  "paths" : {
    "/Clothes/getClothesByGender/{Gender}" : {
      "get" : {
        "summary" : "",
        "description" : "",
        "operationId" : "get-Clothes-getClothesByGender",
        "consumes" : [ "application/json" ],
        "produces" : [ "application/json" ],
        "parameters" : [ {
          "name" : "Gender",
          "in" : "path",
          "description" : "",
          "type" : "string",
          "required" : true
        } ],
        "responses" : {
          "200" : {
            "description" : "a ClothesClasses to be returned",
            "schema" : {
              "$ref" : "#/definitions/ClothesClasses"
            }
          }
        }
      }
    },
    "/Clothes/getSpecificClothes/{ClassID}" : {
      "get" : {
        "summary" : "",
        "description" : "",
        "operationId" : "get-Clothes-getSpecificClothes",
        "consumes" : [ "application/json" ],
        "produces" : [ "application/json" ],
        "parameters" : [ {
          "name" : "ClassID",
          "in" : "path",
          "description" : "",
          "type" : "string",
          "required" : true
        } ],
        "responses" : {
          "200" : {
            "description" : "a CombinedClotheses to be returned",
            "schema" : {
              "$ref" : "#/definitions/CombinedClotheses"
            }
          }
        }
      }
    },
    "/Clothes/getClothesByMood/{Mood}" : {
      "get" : {
        "summary" : "",
        "description" : "",
        "operationId" : "get-Clothes-getClothesByMood",
        "consumes" : [ "application/json" ],
        "produces" : [ "application/json" ],
        "parameters" : [ {
          "name" : "Mood",
          "in" : "path",
          "description" : "",
          "type" : "string",
          "required" : true
        } ],
        "responses" : {
          "200" : {
            "description" : "a ClothesClasses to be returned",
            "schema" : {
              "$ref" : "#/definitions/ClothesClasses"
            }
          }
        }
      }
    },
    "/Clothes/getAll" : {
      "get" : {
        "summary" : "",
        "description" : "",
        "operationId" : "get-Clothes-getAll",
        "consumes" : [ "application/json" ],
        "produces" : [ "application/json" ],
        "parameters" : [ ],
        "responses" : {
          "200" : {
            "description" : "a ClothesClasses to be returned",
            "schema" : {
              "$ref" : "#/definitions/ClothesClasses"
            }
          }
        }
      }
    }
  },
  "definitions" : {
    "CombinedClothes" : {
      "type" : "object",
      "required" : [ "classid", "image_link", "size", "gender", "mood", "clothesid", "function", "description", "type", "status" ],
      "properties" : {
        "clothesid" : {
          "type" : "integer"
        },
        "classid" : {
          "type" : "integer"
        },
        "status" : {
          "type" : "string"
        },
        "size" : {
          "type" : "string"
        },
        "gender" : {
          "type" : "string"
        },
        "type" : {
          "type" : "string"
        },
        "function" : {
          "type" : "string"
        },
        "image_link" : {
          "type" : "string"
        },
        "mood" : {
          "type" : "string"
        },
        "description" : {
          "type" : "string"
        }
      }
    },
    "ClothesClass" : {
      "type" : "object",
      "required" : [ "classid", "image_link", "gender", "mood", "function", "description", "type" ],
      "properties" : {
        "classid" : {
          "type" : "integer"
        },
        "gender" : {
          "type" : "string"
        },
        "type" : {
          "type" : "string"
        },
        "function" : {
          "type" : "string"
        },
        "image_link" : {
          "type" : "string"
        },
        "mood" : {
          "type" : "string"
        },
        "description" : {
          "type" : "string"
        }
      }
    },
    "CombinedClotheses" : {
      "type" : "object",
      "properties" : {
        "CombinedClothes" : {
          "type" : "array",
          "items" : {
            "$ref" : "#/definitions/CombinedClothes",
            "uniqueItems" : false
          }
        }
      }
    },
    "ClothesClasses" : {
      "type" : "object",
      "properties" : {
        "ClothesClass" : {
          "type" : "array",
          "items" : {
            "$ref" : "#/definitions/ClothesClass",
            "uniqueItems" : false
          }
        }
      }
    }
  }
}